pt_otheralias,mod_id,AMEL,D16S539,D5S818,CSF1PO,D18S51,D19S433,D21S11,D2S1338,D3S1358,D13S317,D7S820,D8S1179,FGA,TH01,TPOX,vWA
15.1533,BT-100,"X,Y",11,"12,13",9,"14,16","13,16","29,30.2","17,24",16,"11,13","10,11","10,15","21,22","6,9",8,"17,18"
,BT-106,"X,Y",11,11,"9,11",13,"13,15","30,31.2","17,22","15,18","11,12","8,9","13,14","21,23","6,8",11,"16,17"
14.1649-2,BT-108,"X,Y",11,"8,12",12,"13,14","12,14","29,30",24,17,"11,12","10,13","12,14","21,24","7,9.3",8,"15,17"
15.1518,BT-119,X,"10,12","11,12","10,11",12,13,"29,31.2","17,19","15,18",12,10,"12,14","22,24","6,9.3",11,"16,20"
15.1557,BT-12,"X,Y","9,12",9,"9,11","14,19",14,"28,32","20,25","17,18","12,13","9,11",14,"20,21","8,9.3","8,11","15,18"
14.0399-1,BT-126,"X,Y","11,12","10,14","9,12","11,16","14,14.2","30,31.2","18,19","15,18","11,12",8,"10,16","21,22","9,9.3",8,"14,16"
15.152,BT-127,"X,Y","11,12","12,14","11,12",16,"15,16","29,31","17,25","17,18","11,12",10,13,"22,25","9,9.3","11,12","14,16"
14.1650-2,BT-134,X,"9,10","11,12","11,12","14,15","12,14",29,"18,25","14,18","10,12","10,11",13,"22,24","7,9.3",8,"16,18"
15.153,BT-140,"X,Y","10,12","8,12","9,12","16,19","14,15.2","28,31.2","20,25","16,18","11,13","8,10","12,14","20,23","7,8","8,11","18,19"
15.1523,BT-142,"X,Y","11,12","9,11","12,14","12,15",14,"28,29","17,19","14,16",12,"10,11","13,14","21,22","8,9.3",8,17
15.1527,BT-143,X,"11,12","8,10","12,13","14,16","13,15.2","28,32.2","18,23","15,18","9,12","11,12","13,15","19,21",6,"8,11","17,18"
15.1522,BT-147,"X,Y","10,12","8,11","11,12","15,16","15,15.2","31,32.2","17,20",15,"10,12","9,12","14,15",23,"7,9",8,"17,18"
14.0412-1,BT-156,"X,Y",12,"11,12","12,13","13,14","14.2,16","30,32.2","17,24",16,"8,12","8,10",14,"25,26",6,"9,11","15,17"
14.0936,BT-157,"X,Y","10,12","11,12",12,"13,15","13,14","27,29","20,21",14,"10,12","10,12","13,14","21,23","6,9.3","8,11","14,17"
14.0411-1,BT-161,X,"11,14","11,13","8,11","16,17","14,17","29,30","24,25",17,"11,12","8,9","13,14","19,24","6,7",8,"15,19"
15.1669,BT-166,X,"11,13","11,13","9,11","12,14","13,15","31.2,33.2","20,25","16,19","10,11","10,13","10,14","22,23","9,9.3",11,"14,17"
,BT-167,"X,Y",12,"9,12",12,"20,21","14,15","30,31.2","21,25","16,18","11,12","9,10","16,18","18,23","6,8","8,11","16,17"
,BT-169,"X,Y","11,12","11,12","9,11","15,19",13,"31,31.2","20,21","16,17",13,"9,11","12,13","21,22","6,9.3","9,11","16,18"
15.1526,BT-172,"X,Y","11,12","8,11",12,"16,17","14,15.2","27,29","20,25","15,17","12,15","11,12","14,15","25,26",9.3,"8,12","17,18"
14.0410-1,BT-181,"X,Y",12,"8,12","11,12",13,"14,15","28,29","22,23","17,18","11,12","10,12","13,14","23,24",9.3,"8,12","17,19"
,BT-183,"X,Y",12,"12,13",12,"14,16",14,"31,32.2",19,"17,18","10,13","9,11","14,15","19,25",9.3,"8,11","15,17"
,BT-189,X,"9,11","11,12",11,"14,16","13,14","26,32.2","17,18",15,"11,13","10,12","12,13","19,24",6,"8,9","15,16"
,BT-191,X,"11,12",11,"12,13","16,17","13,15.2",30,"21,23",16,"11,12","9,11","13,14","20,24","7,8","8,11","15,16"
14.0398-1,BT-194,"X,Y","12,13","11,14","11,13","12,14","15.2,16","29,32.2","20,23","15,18","11,12","10,12","13,18","20,23","9,9.3",11,17
,BT-198,X,"11,13","11,12","13,14","15,17","12,14","28,29","18,26","14,17","12,13",9,"8,13","21,23","6,9.3",11,17
,BT-206,"X,Y","10,12","11,12","12,13","13,19","14,15",30,"17,25","15,16",11,12,"14,15","23,24","8,9","10,11","14,17"
15.1519,BT-208,"X,Y","10,12",14,13,"14,17","12,15","29,30","19,22","15,16","11,12","7,12",13,"21,24","7,9","10,11","16,18"
14.0409-1,BT-238,"X,Y",11,8,"11,13","13,15","14,15","28,29","16,26","15,17","12,13","10,12",13,"22,23","6,9",8,"16,19"
,BT-241,X,"10,12","9,11","12,13","13,16","13,15","31,32",19,"14,17","12,13","7,10","12,13",22,"7,9.3",8,"14,16"
,BT-245,"X,Y","11,13","8,11","9,10","14,17","14,15","30,33.2","18,22",15,"11,12",10,"11,13",22,9,"10,11","16,18"
14.0400-1,BT-246,X,"11,12","12,13","13,14","17,18","12,15.2","29,31.2","20,24","16,17","11,12",10,"8,12",24,9,11,"17,18"
16.0601,BT-25,"X,Y","10,12","13,14","9,11","14,17","14,15.2","29,32.2",17,"14,16","10,12","10,11","12,13","21,22","6,9.3",8,"16,19"
14.0401-1,BT-263,"X,Y",12,"9,11","10,13","12,14","13,14",29,"17,26","15,16",12,"8,10",14,"21,26","6,7","10,12","16,18"
14.0402-1,BT-266,X,"10,11","9,11",11,"12,14","14,16","29,32.2","18,24","14,16","12,13","9,11","13,15",24,"6,9.3",8,"15,17"
14.0403-1,BT-275,"X,Y","11,12","11,12","12,13","15,18","13,15.2","29,32","17,19","17,18","10,12","10,11","12,14",21,,8,17
14.0404-1,BT-280,"X,Y","10,11","11,12","12,13","12,14","12,15","29,32.2","20,25","15,17",12,"11,12","12,14","22,25","6,9.3","8,10","17,19"
14.0405-1,BT-282,"X,Y",10,12,"11,13","14,19","14,15","28,31",20,"15,16","11,12","9,11","8,12","20,23","7,9.3","10,11","16,19"
14.0406-1,BT-284,"X,Y","10,11","8,12","11,12","15,16","12,14",31.2,"19,22","15,18","11,12","9,12","11,13","22,23","8,9","8,11","16,17"
14.0407-1,BT-287,"X,Y","11,12",10,"11,12","12,19","12,14.2","30,31.2","20,23",18,"11,12","9,11","10,15",21,9.3,"9,11",17
14.0408-1,BT-301,"X,Y","10,12",12,12,"13,16","13,14.2","28,29","19,22","17,18",11,"10,12","13,15","22,23",6,"8,11","16,18"
14.1651-2,BT-313,"X,Y","12,13","11,12",11,14,14,"28,31.2","20,24",16,"11,12","8,10","8,15","19,21","9,9.3",8,"16,17"
14.1652-2,BT-322,X,"11,12",10,11,"15,16",15.2,"32.2,34.2","17,19",17,13,"8,10","10,12","21,23",6,"8,11",18
14.1653-2,BT-323,X,12,11,10,"15,17","13,13.2","28,30","17,18","14,17",11,10,"12,14","20,26",9,"8,11","16,18"
17.0665,BT-326,X,11,"8,13","9,13","13,14",15,"30,30.2","17,20",15,13,"10,11",11,"22,24","7,9.3","9,10",16
17.0666,BT-328,X,10,"12,13","11,13","13,18",14,"30,31.2",24,"14,17",11,"12,13","12,15",22,"6,9.3",11,"16,17"
18.1024,BT-338,X,12,"13,14","11,12","12,16","14,15","28,32.2","24,27","16,17","10,11","8,11","12,13","22,23","6,9.3",8,"15,17"
15.1528,BT-41,"X,Y","10,11","12,13","11,12","17,19","14,15","30,32.2","20,21",15,"12,13","10,11","13,14","19,20","7,9.3","8,10","17,18"
,BT-42,"X,Y",12,12,"11,13",17,15,"29,30","17,18","15,18","9,13",10,"12,13",23,"8,9","9,11","14,17"
17.0669,BT-426,"X,Y","11,12","11,13",11,14,"13,14","30,32.2",17,"14,18",12,"8,10","10,15","20,21","7,9.3",8,"17,19"
17.0672,BT-428,X,10,"11,14",13,"15,16","13,14","30,32.2",19,"17,18",12,"8,10",10,"20,22","9,9.3","8,11","16,17"
16.1189,BT-429,X,"11,12","9,11","11,13","15,17","13,15.2","29,30","17,19",15,"9,14","9,13",13,"21,24","6,7","8,11",16
18.0151,BT-465,"X,Y",12,"11,12","11,12","13,19","12,15.2",31.2,"17,25","16,18","11,13",10,"13,15","20,22","9,9.3","8,11","16,17"
18.0153,BT-466,"X,Y","10,12","12,14","9,13","12,18","14,15",29,"16,25","16,19",11,10,13,"19,22",9.3,11,"14,18"
18.0155,BT-467,"X,Y",12,"11,12",11,"15,18","14,16","28,31.2","17,19","15,16","11,12","8,10","12,14","20,24","6,8","8,11","16,17"
18.1025,BT-468,"X,Y","11,12","13,14","12,13","15,16",13,"31.2,32.2","19,22","15,16",11,"10,11","12,15","23,24",9.3,"10,12","17,18"
17.1282,BT-468,"X,Y","11,12","13,14","12,13","15,16",13,"31.2,32.2","19,22","15,16",11,"10,11","12,15","23,24",9.3,"10,12","17,18"
18.1876,BT-469,X,10,"11,13","10,11","13,15","13,14","29,30","23,26",16,"11,12","12,13","10,13","21,24","9,9.3",8,"15,18"
14.0396-1,BT-47,X,"10,11","8,12","10,12","16,21","13,15","28,30","19,26","14,17",12,"9,10","8,13",21,"6,9.3",8,"14,16"
18.1877,BT-470,"X,Y",12,"8,11","11,12","15,16","13,15","30,32.2","17,20","16,17",12,"8,12","13,14","20,24","6,9.3","8,10","16,19"
18.1878,BT-471,"X,Y",12,"8,13","10,13","12,15","14,16","30,31.2",17,"14,16","11,12","11,12",14,"21,22","6,7","11,12","17,19"
,BT-48,"X,Y","9,11","11,14","8,13","15,16","12,14","26,27","19,20",15,"10,11","11,12","12,14","20,26","6,7","10,12","15,17"
,BT-50,"X,Y","10,12","10,12","11,12",12,"13,14","29,30","20,23","15,16",12,"9,10","13,14","20,22",7,"8,11",18
15.1521,BT-53,"X,Y","12,13","12,","10,13","15,16","13,14","30,33.2","20,22","15,18",11,"10,12",13,"22,26","6,7",8,"17,18"
,BT-63,X,"9,12",11,"10,13","12,14",14,"28,29","16,22","15,19","9,12","10,11","13,14","22.2,25","9,9.3","10,11",17
15.1524,BT-67,"X,Y","12,13","9,11",12,"16,17",14,"28,30","17,20","16,18","12,13","10,12",14,"21,25",7,8,"16,18"
,BT-69,"X,Y","10,11","8,11","11,12","15,18",13,"28,30","17,18",15,12,"11,12","10,12","24,25",6,"9,11",16
,BT-73,"X,Y","11,12","8,14","9,11","15,20","13,14","27,30.2","17,18","15,18","12,13","8,12",14,"21,24","6,8","8,11","17,19"
15.1529,BT-75,"X,Y","10,11","10,12",11,"15,18","14,15",30,"17,18",18,11,"11,12","9,11","21,25","9,9.3",11,17
15.1534,BT-76,"X,Y","11,12",12,"11,12","15,16",14,"31.2,32.2","17,20","15,16","11,12","8,9","11,13",20,"6,9.3",11,"14,17"
,BT-84,"X,Y","11,12","10,14",11,"12,18",14,"29,30","17,25","15,17","9,10","8,9",15,"21,22","6,9.3",9,"17,18"
,BT-85,"X,Y",11,"12,13","12,13","13,15","13,16","28,29","19,23",17,"9,11",12,"13,14","20,25","6,9","8,11",17
17.0836,BT-88,"X,Y","10,11",9,"11,13","12,14",14,"29,30","17,25","15,16","12,13","11,12","13,16","20,25","8,9","8,11",18
15.1532,BT-89,X,"10,11","10,12","8,12","14,17","12,15","31,32.2","17,19","15,16","12,13","9,12",13,"22,25","6,7",8,"14,20"
14.0397-1,BT-90,"X,Y","11,14",12,"11,14","14,16","14,15","28,31.2","21,23","14,15","11,12","8,12","12,16","24,25","6,9",9,"16,19"
17.0663,BT-90,"X,Y","11,14",12,"11,14","14,16","14,15","28,31.2","21,23","14,15","11,12","8,12","12,16","24,25","6,9",9,"16,19"
15.1668,BT-92,"X,Y",12,"9,12",11,"12,13","14,14.2",31.2,"19,24",15,"11,13",11,"13,16","21,24",9,8,"17,18"
,BT-94,X,12,"8,14","9,11","13,17","13,14","28,31.2",20,"13,16",12,"8,10","12,13","22,25","6,7","8,11","14,18"
15.1531,BT-96,"X,Y","10,12","8,9","10,12","12,14","13,14","29,34.2","20,23","15,18",11,"8,12",14,22,"8,9.3","8,11","14,18"
17.1279,SM-1298,"X,Y","11,13","11,12","9,13","12,14",14,"30.2,32",17,"16,17","12,13","8,9",16,"22,24","7,9.3",11,"15,16"
13.1302-1,SM-2691,X,"11,12","8,12",11,"13,17","14,14.2",33.2,"17,20","15,16","11,12","10,13","11,13","23,25","7,9.3","8,11",16
20.014,SM-2940,"X,Y","10,11",9,"9,13","15,18",13,"30,33.2","19,23","15,16","11,12",12,"10,15","24,26","6,7","8,11",17
17.0342,SM-3635,"X,Y","11,12","9,13","11,12","16,17",13,"28,30","19,24","14,15","12,13","11,14","13,16","22,25",7,"8,10","16,17"
16.1391,SM-3759,"X,Y",10,"10,11",11,"12,13","13,15","27,31.2","17,19",17,"11,12","10,12","13,14","23,24","7,9","8,11",17
16.1395,SM-3762,X,"12,13","11,12",11,"13,16","13,14",29,"20,21","15,18","10,11","8,9","11,13",22,"9,9.3","8,11","17,18"
16.1393,SM-3834,"X,Y","10,11","8,10",12,"12,17",14,30,"17,23","15,17","9,11","10,12","12,13","19,21",7,"8,12","15,16"
17.0341,SM-3850,X,10,"11,12",11,"13,18",14,"29,30",23,"14,17",12,10,"11,12","22,24","6,10","8,9","17,18"
17.0205,SM-4019,"X,Y","9,12","11,12","9,13","17,19","13,14","30,33.2","23,24","15,16",11,"8,9",15,"23,25",8,11,16
16.1397,SM-4021,X,"11,12","8,11",11,"14,17","13,14","28,29","17,25","14,15","11,12","8,9","10,13",23,"9,9.3",9,"17,19"
17.1557,SM-4156,X,"9,12","11,12",12,"12,17","14,14.2",30,"17,19","14,15","11,13",10,12,"23,24","9,9.3","8,11","15,18"
17.1969,SM-4161,"X,Y","11,12",11,"11,13","15,17","14,15",30,"17,18","16,19","10,11","9,13","11,12","19,23","6,10","8,11","15,16"
17.197,SM-4163,X,"11,12",8,12,"13,15","13,14","29,30","17,19","14,15","12,13","12,14",13,"23,25","6,9","8,11",17
20.0142,SM-4166,X,"10,12","9,13","10,13","10,14","14.2,16.2",29,"17,20","14,19","12,13","9,12",13,"21,22","7,9.3","8,12","16,18"
20.0143,SM-4193,"X,Y","10,12","11,12","11,12","15,19","12,13.2","30,31","19,22","14,16","12,14",10,14,"24,25",7,"8,9","16,17"
19.1248,SM-4217,"X,Y","11,12","9,10",13,"12,13","14,15",30,"17,23",17,11,"8,9","14,15","18,24",7,"8,10","17,18"
18.1875,SM-4228,"X,Y",12,"8,13",12,"12,14","12,15.2","31,32.2",25,"15,18","11,12","8,11","11,16","22,25","6,9.3",8,"14,16"
19.0164,SM-4250,"X,Y",11,"11,12","9,11","14,17","13,14.2","30,32.2","17,18","16,17","11,12","8,9","13,14","22,25","6,7","8,11","16,19"
19.0165,SM-4254,X,"9,12","11,12",9,"12,14","13,16.2","29,31",17,"16,18","12,13",10,"13,14","21,22",9.3,8,"15,16"
19.1244,SM-4275,X,"10,12","8,11","10,11","15,16","13,14","28,29",20,"16,17","11,13","7,8","13,14","19,20","6,9.3",8,"14,17"
19.0153,SM-4297,X,"10,11","9,12","9,11","14,16","14,15","29,31.2","17,23","15,16",12,11,"8,14","22,23","8,9.3","9,11","14,15"
19.0152,SM-4307,"X,Y","11,12","8,11",11,"15,17","13,14","27,29","17,24",15,"7,12",9,"13,14","22,25","7,9.3",8,"15,17"
19.0163,SM-4314,"X,Y","11,12","8,11","11,12","13,15",13,"31.2,32.2","23,24","15,17","11,14","11,12","11,13","25,26",7,"8,10",17
19.0834,SM-4335,"X,Y","11,12","8,10","9,12","15,22","13,14.2",29,"20,22",15,"9,13",11,"11,12","23,25",9,11,14
20.0144,SM-4340,X,"11,12","11,12","9,11","14,17","13,16.2","31,32","17,19",17,"10,14","8,12","10,14","20,23","7,9.3",8,"14,18"
19.1246,SM-4349,"X,Y",11,"10,12","11,12","12,14","14,15","29,30.2","17,26","14,15","12,13","10,12","11,13","22,25",7,8,"16,18"
19.125,SM-4366,X,"10,12",12,12,"12,14",14,"30,30.2",16,"15,19","11,12","10,11","13,14",18,9.3,8,"16,17"
20.0141,SM-4368,X,"10,12","11,12","9,11","14,16","13,14","29,30","20,25",16,"10,13",11,"8,13",21,9.3,"8,11","17,18"
19.1742,SM-4463,X,12,"8,11","10,13","14,15","14.2,15.2","29,32.2",19,16,13,"8,12",11,"24,26",7,"9,11",14
18.1671,SM-450,X,12,"8,11","8,11","14.2,16.2",13,"31.2,32.2","20,23","16,17",11,8,"11,14","23,","7,9",11,"17,18"
17.0338,SM-4063,"X,Y","7,12","8,13","12,13","14,15","14,15.2","29,30","18,19","15,17",12,"11,12","14,16","19,23","7,8","8,11","14,16"